pin_normalized,address,year,date,case_number,record_type,title,description,source_name,source_url,document_url
,316 Grand,2021,2021-10-27,GN-21-07,Garage,Garage at 316 Grand,Appearance Commission case file listed on public agenda and available by request from the City,Park Ridge Appearance Commission agenda,https://parkridge.granicus.com/AgendaViewer.php?clip_id=1956&view_id=22,
,412 S Prospect,2021,2021-10-27,SA-21-26,Single Family Alteration,Single Family Alteration at 412 S Prospect,Appearance Commission case file listed on public agenda and available by request from the City,Park Ridge Appearance Commission agenda,https://parkridge.granicus.com/AgendaViewer.php?clip_id=1956&view_id=22,
,1824 S Prospect,2021,2021-10-27,SA-21-27,Single Family Alteration,Single Family Alteration at 1824 S Prospect,Appearance Commission case file listed on public agenda and available by request from the City,Park Ridge Appearance Commission agenda,https://parkridge.granicus.com/AgendaViewer.php?clip_id=1956&view_id=22,
,1608 Courtland,2022,2022-05-25,SA-22-12,Single Family Alteration,Single Family Alteration at 1608 Courtland,Appearance Commission case file listed on public agenda and available by request from the City,Park Ridge Appearance Commission agenda,https://parkridge.granicus.com/AgendaViewer.php?clip_id=2223&view_id=1,
,320 N Redfield,2023,2023-05-24,SA-23-11,Single Family Alteration,Single Family Alteration at 320 N Redfield,Appearance Commission case file listed on public agenda and available by request from the City,Park Ridge Appearance Commission agenda,https://parkridge.granicus.com/AgendaViewer.php?clip_id=2548&view_id=1,
,120 S Cumberland,2023,2023-05-24,SA-23-12,Single Family Alteration,Single Family Alteration at 120 S Cumberland,Appearance Commission case file listed on public agenda and available by request from the City,Park Ridge Appearance Commission agenda,https://parkridge.granicus.com/AgendaViewer.php?clip_id=2548&view_id=1,
,328 S Fairview,2023,2023-05-24,SF-23-04,New Single-Family Residence Revision,Revision to New Single-Family Residence at 328 S Fairview,Appearance Commission case file listed on public agenda and available by request from the City,Park Ridge Appearance Commission agenda,https://parkridge.granicus.com/AgendaViewer.php?clip_id=2548&view_id=1,
,216 S Rose,2023,2023-05-24,SF-23-09,New Single-Family Residence,New Single-Family Residence at 216 S Rose,Appearance Commission case file listed on public agenda and available by request from the City,Park Ridge Appearance Commission agenda,https://parkridge.granicus.com/AgendaViewer.php?clip_id=2548&view_id=1,
,517 N Western,2023,2023-06-28,SA-23-03,Single Family Alteration Revision,Revision to a Single-Family Alteration at 517 N Western,Appearance Commission case file listed on public agenda and available by request from the City,Park Ridge Appearance Commission agenda,https://parkridge.granicus.com/AgendaViewer.php?clip_id=2584&view_id=1,
,216 S Rose,2023,2023-06-28,SF-23-09,New Single-Family Residence Continued,Continued New Single-Family Residence at 216 S Rose,Appearance Commission case file listed on public agenda and available by request from the City,Park Ridge Appearance Commission agenda,https://parkridge.granicus.com/AgendaViewer.php?clip_id=2584&view_id=1,
,220 S Rose,2023,2023-06-28,SF-23-10,New Single-Family Residence Continued,Continued New Single-Family Residence at 220 S Rose,Appearance Commission case file listed on public agenda and available by request from the City,Park Ridge Appearance Commission agenda,https://parkridge.granicus.com/AgendaViewer.php?clip_id=2584&view_id=1,
,1520 W Marcus Ct,2023,2023-06-28,SF-23-13,New Single-Family Residence,New Single-Family Residence at 1520 W Marcus Ct,Appearance Commission case file listed on public agenda and available by request from the City,Park Ridge Appearance Commission agenda,https://parkridge.granicus.com/AgendaViewer.php?clip_id=2584&view_id=1,
,909 Garden,2023,2023-06-28,SF-23-14,New Single-Family Residence,New Single-Family Residence at 909 Garden,Appearance Commission case file listed on public agenda and available by request from the City,Park Ridge Appearance Commission agenda,https://parkridge.granicus.com/AgendaViewer.php?clip_id=2584&view_id=1,
,403 Grand Blvd,2023,2023-06-28,SF-23-15,New Single-Family Residence,New Single-Family Residence at 403 Grand Blvd,Appearance Commission case file listed on public agenda and available by request from the City,Park Ridge Appearance Commission agenda,https://parkridge.granicus.com/AgendaViewer.php?clip_id=2584&view_id=1,
,222 S Prospect,2023,2023-06-28,CI-23-06,Commercial Alteration Revision,Revision to a Commercial Alteration at 222 S Prospect,Appearance Commission case file listed on public agenda and available by request from the City,Park Ridge Appearance Commission agenda,https://parkridge.granicus.com/AgendaViewer.php?clip_id=2584&view_id=1,
,112 S Prospect,2023,2023-06-28,CI-23-09,Commercial Alteration,Commercial Alteration at 112 S Prospect,Appearance Commission case file listed on public agenda and available by request from the City,Park Ridge Appearance Commission agenda,https://parkridge.granicus.com/AgendaViewer.php?clip_id=2584&view_id=1,
,1980 Burton,2023,2023-09-27,SA-23-10,Single Family Alteration Revision,Revision to Single Family Alteration at 1980 Burton,Appearance Commission case file listed on public agenda and available by request from the City,Park Ridge Appearance Commission agenda,https://parkridge.granicus.com/AgendaViewer.php?clip_id=2674&view_id=1,
,2316 Oak Tree,2023,2023-11-15,SF-23-24,New Single-Family Residence,New Single-Family Residence at 2316 Oak Tree,Appearance Commission case file listed on public agenda and available by request from the City,Park Ridge Appearance Commission agenda,https://parkridge.granicus.com/GeneratedAgendaViewer.php?clip_id=2726&view_id=1,
,501 N Ashland,2023,2023-11-15,GN-23-04,Garage,New Garage at 501 N Ashland,Appearance Commission case file listed on public agenda and available by request from the City,Park Ridge Appearance Commission agenda,https://parkridge.granicus.com/GeneratedAgendaViewer.php?clip_id=2726&view_id=1,
,224 E Lahon,2023,2023-11-15,SA-23-21,Single Family Alteration,Single Family Alteration at 224 E Lahon,Appearance Commission case file listed on public agenda and available by request from the City,Park Ridge Appearance Commission agenda,https://parkridge.granicus.com/GeneratedAgendaViewer.php?clip_id=2726&view_id=1,
,708 Edgemont,2023,2023-11-15,SF-23-25,New Single-Family Residence,New Single-Family Residence at 708 Edgemont,Appearance Commission case file listed on public agenda and available by request from the City,Park Ridge Appearance Commission agenda,https://parkridge.granicus.com/GeneratedAgendaViewer.php?clip_id=2726&view_id=1,
,221 N Washington,2024,2024-01-24,SA-24-01,Single Family Alteration,Single Family Alteration at 221 N Washington,Appearance Commission case file listed on public agenda and available by request from the City,Park Ridge Appearance Commission agenda,https://parkridge.granicus.com/AgendaViewer.php?clip_id=2785&view_id=1,
,1712 S Fairview,2024,2024-01-24,SA-24-02,Single Family Alteration,Single Family Alteration at 1712 S Fairview,Appearance Commission case file listed on public agenda and available by request from the City,Park Ridge Appearance Commission agenda,https://parkridge.granicus.com/AgendaViewer.php?clip_id=2785&view_id=1,
,1930 Walnut,2024,2024-01-24,SA-24-03,Single Family Alteration,Single Family Alteration at 1930 Walnut,Appearance Commission case file listed on public agenda and available by request from the City,Park Ridge Appearance Commission agenda,https://parkridge.granicus.com/AgendaViewer.php?clip_id=2785&view_id=1,
,320 N Redfield,2024,2024-01-24,SA-24-04,Single Family Alteration,Single Family Alteration at 320 N Redfield,Appearance Commission case file listed on public agenda and available by request from the City,Park Ridge Appearance Commission agenda,https://parkridge.granicus.com/AgendaViewer.php?clip_id=2785&view_id=1,
,1105 Lois Ave,2024,2024-01-24,SA-24-05,Single Family Alteration,Single Family Alteration at 1105 Lois Ave,Appearance Commission case file listed on public agenda and available by request from the City,Park Ridge Appearance Commission agenda,https://parkridge.granicus.com/AgendaViewer.php?clip_id=2785&view_id=1,
,312 S Fairview,2024,2024-01-24,SF-24-01,New Single-Family Residence,New Single-Family Residence at 312 S Fairview,Appearance Commission case file listed on public agenda and available by request from the City,Park Ridge Appearance Commission agenda,https://parkridge.granicus.com/AgendaViewer.php?clip_id=2785&view_id=1,
,147 N Northwest Highway,2024,2024-01-24,CI-24-01,Commercial Alteration Signage,Commercial Alteration Signage at 147 N Northwest Highway,Appearance Commission case file listed on public agenda and available by request from the City,Park Ridge Appearance Commission agenda,https://parkridge.granicus.com/AgendaViewer.php?clip_id=2785&view_id=1,
,149 N Northwest Highway,2024,2024-01-24,CI-24-02,Commercial Alteration Signage,Commercial Alteration Signage at 149 N Northwest Highway,Appearance Commission case file listed on public agenda and available by request from the City,Park Ridge Appearance Commission agenda,https://parkridge.granicus.com/AgendaViewer.php?clip_id=2785&view_id=1,
,35 S Prospect,2024,2024-01-24,CI-24-03,Commercial Alteration Signage,Commercial Alteration Signage at 35 S Prospect,Appearance Commission case file listed on public agenda and available by request from the City,Park Ridge Appearance Commission agenda,https://parkridge.granicus.com/AgendaViewer.php?clip_id=2785&view_id=1,
,424 Talcott Place,2024,2024-07-24,SA-24-23,Single Family Alteration,Single Family Alteration at 424 Talcott Place,Appearance Commission case file listed on public agenda and available by request from the City,Park Ridge Appearance Commission agenda,https://parkridge.granicus.com/AgendaViewer.php?clip_id=2940&view_id=1,
,455 Stewart,2024,2024-07-24,SA-24-22,New Single-Family Residence,New Single-Family Residence at 455 Stewart,Appearance Commission case file listed on public agenda and available by request from the City,Park Ridge Appearance Commission agenda,https://parkridge.granicus.com/MetaViewer.php?clip_id=2940&meta_id=139390&view_id=1,
,1301 S Knight,2024,2024-09-25,SA-24-31,Single Family Alteration,Single Family Alteration at 1301 S Knight,Appearance Commission case file listed on public agenda and available by request from the City,Park Ridge Appearance Commission agenda,https://parkridge.granicus.com/AgendaViewer.php?clip_id=3015&view_id=1,
,1113 S Courtland,2024,2024-09-25,SA-24-32,Single Family Alteration,Single Family Alteration at 1113 S Courtland,Appearance Commission case file listed on public agenda and available by request from the City,Park Ridge Appearance Commission agenda,https://parkridge.granicus.com/AgendaViewer.php?clip_id=3015&view_id=1,
,1612 S Crescent,2024,2024-09-25,SA-24-33,Single Family Alteration,Single Family Alteration at 1612 S Crescent,Appearance Commission case file listed on public agenda and available by request from the City,Park Ridge Appearance Commission agenda,https://parkridge.granicus.com/AgendaViewer.php?clip_id=3015&view_id=1,
,106 S Home,2024,2024-09-25,SA-24-34,Single Family Alteration,Single Family Alteration at 106 S Home,Appearance Commission case file listed on public agenda and available by request from the City,Park Ridge Appearance Commission agenda,https://parkridge.granicus.com/AgendaViewer.php?clip_id=3015&view_id=1,
,900 S Delphia,2024,2024-09-25,SA-24-35,Single Family Alteration,Single Family Alteration at 900 S Delphia,Appearance Commission case file listed on public agenda and available by request from the City,Park Ridge Appearance Commission agenda,https://parkridge.granicus.com/AgendaViewer.php?clip_id=3015&view_id=1,
,2316 Oak Tree,2024,2024-09-25,SF-24-17,New Single-Family Residence,New Single-Family Residence at 2316 Oak Tree,Appearance Commission case file listed on public agenda and available by request from the City,Park Ridge Appearance Commission agenda,https://parkridge.granicus.com/AgendaViewer.php?clip_id=3015&view_id=1,
,1016 Arthur,2024,2024-09-25,SF-24-18,New Single-Family Residence,New Single-Family Residence at 1016 Arthur,Appearance Commission case file listed on public agenda and available by request from the City,Park Ridge Appearance Commission agenda,https://parkridge.granicus.com/AgendaViewer.php?clip_id=3015&view_id=1,
,116 S Prospect,2024,2024-09-25,CI-24-16,Commercial Alteration,Commercial Alteration Signage and Door Addition at 116 S Prospect,Appearance Commission case file listed on public agenda and available by request from the City,Park Ridge Appearance Commission agenda,https://parkridge.granicus.com/AgendaViewer.php?clip_id=3015&view_id=1,
,313 S Home,2024,2024-12-18,SA-24-39,Single Family Alteration,Single Family Alteration at 313 S Home,Appearance Commission case file listed on public agenda and available by request from the City,Park Ridge Appearance Commission agenda,https://parkridge.granicus.com/AgendaViewer.php?event_id=132064&view_id=1,
,1446 Granville,2025,2025-01-22,SA-24-12,Single Family Alteration Revision,Revision to Single Family Alteration at 1446 Granville,Appearance Commission case file listed on public agenda and available by request from the City,Park Ridge Appearance Commission agenda,https://parkridge.granicus.com/AgendaViewer.php?clip_id=3130&view_id=1,
,2008 Milton Ave,2025,2025-01-22,SA-25-01,Single Family Alteration,Single Family Alteration at 2008 Milton Ave,Appearance Commission case file listed on public agenda and available by request from the City,Park Ridge Appearance Commission agenda,https://parkridge.granicus.com/AgendaViewer.php?clip_id=3130&view_id=1,
,1410 Laverne Ave,2025,2025-01-22,SF-24-07,New Single-Family Residence Revision,Revision to New Single-Family Residence at 1410 Laverne Ave,Appearance Commission case file listed on public agenda and available by request from the City,Park Ridge Appearance Commission agenda,https://parkridge.granicus.com/AgendaViewer.php?clip_id=3130&view_id=1,
,1414 Laverne Ave,2025,2025-01-22,SF-24-08,New Single-Family Residence Revision,Revision to New Single-Family Residence at 1414 Laverne Ave,Appearance Commission case file listed on public agenda and available by request from the City,Park Ridge Appearance Commission agenda,https://parkridge.granicus.com/AgendaViewer.php?clip_id=3130&view_id=1,
,2040 Manor Lane,2025,2025-01-22,SF-24-25,New Single-Family Residence Continued,Continued New Single-Family Residence at 2040 Manor Lane,Appearance Commission case file listed on public agenda and available by request from the City,Park Ridge Appearance Commission agenda,https://parkridge.granicus.com/AgendaViewer.php?clip_id=3130&view_id=1,
,113 S Fairview,2025,2025-01-22,SF-25-01,New Single-Family Residence,New Single-Family Residence at 113 S Fairview,Appearance Commission case file listed on public agenda and available by request from the City,Park Ridge Appearance Commission agenda,https://parkridge.granicus.com/AgendaViewer.php?clip_id=3130&view_id=1,
,130 E Lahon,2025,2025-01-22,SF-25-02,New Single-Family Residence,New Single-Family Residence at 130 E Lahon,Appearance Commission case file listed on public agenda and available by request from the City,Park Ridge Appearance Commission agenda,https://parkridge.granicus.com/AgendaViewer.php?clip_id=3130&view_id=1,
,404 Courtland Ave,2025,2025-01-22,SF-25-03,New Single-Family Residence,New Single-Family Residence at 404 Courtland Ave,Appearance Commission case file listed on public agenda and available by request from the City,Park Ridge Appearance Commission agenda,https://parkridge.granicus.com/AgendaViewer.php?clip_id=3130&view_id=1,
,707 Wisner St,2025,2025-01-22,CI-25-01,Commercial Alteration,Commercial Alteration at 707 Wisner St Field Elementary School,Appearance Commission case file listed on public agenda and available by request from the City,Park Ridge Appearance Commission agenda,https://parkridge.granicus.com/AgendaViewer.php?clip_id=3130&view_id=1,
,1 N Northwest Hwy,2025,2025-01-22,CI-25-02,Commercial Alteration,Commercial Alteration Re-roofing at 1 N Northwest Hwy,Appearance Commission case file listed on public agenda and available by request from the City,Park Ridge Appearance Commission agenda,https://parkridge.granicus.com/AgendaViewer.php?clip_id=3130&view_id=1,
,608 W Touhy,2025,2025-01-22,CI-25-03,Commercial Alteration Signage,Commercial Alteration Signage at 608 W Touhy,Appearance Commission case file listed on public agenda and available by request from the City,Park Ridge Appearance Commission agenda,https://parkridge.granicus.com/AgendaViewer.php?clip_id=3130&view_id=1,
,113 S Fairview,2025,2025-08-27,GA-25-04,Garage,New Garage at 113 S Fairview,Appearance Commission case file listed on public agenda and available by request from the City,Park Ridge Appearance Commission agenda,https://parkridge.granicus.com/AgendaViewer.php?event_id=132073&view_id=1,
,16 Yost,2025,2025-08-27,GA-25-05,Garage,New Garage at 16 Yost,Appearance Commission case file listed on public agenda and available by request from the City,Park Ridge Appearance Commission agenda,https://parkridge.granicus.com/AgendaViewer.php?event_id=132073&view_id=1,
,831 S Chester,2025,2025-08-27,SA-25-05,Single Family Alteration Revision,Revision to Single-Family Alteration at 831 S Chester,Appearance Commission case file listed on public agenda and available by request from the City,Park Ridge Appearance Commission agenda,https://parkridge.granicus.com/AgendaViewer.php?event_id=132073&view_id=1,
,717 Babetta,2025,2025-08-27,SA-25-13,Single Family Alteration,Single-Family Alteration at 717 Babetta,Appearance Commission case file listed on public agenda and available by request from the City,Park Ridge Appearance Commission agenda,https://parkridge.granicus.com/AgendaViewer.php?event_id=132073&view_id=1,
,402 N Northwest Hwy,2025,2025-08-27,SA-25-14,Single Family Alteration,Single-Family Alteration at 402 N Northwest Hwy,Appearance Commission case file listed on public agenda and available by request from the City,Park Ridge Appearance Commission agenda,https://parkridge.granicus.com/AgendaViewer.php?event_id=132073&view_id=1,
,206 Berry,2025,2025-08-27,SF-25-16,Single-Family Residence Continued,Continued Single-Family Residence at 206 Berry,Appearance Commission case file listed on public agenda and available by request from the City,Park Ridge Appearance Commission agenda,https://parkridge.granicus.com/AgendaViewer.php?event_id=132073&view_id=1,
,113 S Fairview,2025,2025-08-27,SF-25-01,New Single-Family Residence Revision,Revision to New Single-Family Residence at 113 S Fairview,Appearance Commission case file listed on public agenda and available by request from the City,Park Ridge Appearance Commission agenda,https://parkridge.granicus.com/AgendaViewer.php?event_id=132073&view_id=1,
,1412 Vine,2025,2025-08-27,SF-24-05,New Single-Family Residence Revision,Revision to New Single-Family Residence at 1412 Vine,Appearance Commission case file listed on public agenda and available by request from the City,Park Ridge Appearance Commission agenda,https://parkridge.granicus.com/AgendaViewer.php?event_id=132073&view_id=1,
,2380 S De Cook,2025,2025-08-27,SF-25-08,New Single-Family Residence Revision,Revision to New Single-Family Residence at 2380 S De Cook,Appearance Commission case file listed on public agenda and available by request from the City,Park Ridge Appearance Commission agenda,https://parkridge.granicus.com/AgendaViewer.php?event_id=132073&view_id=1,
,1103 S Crescent,2025,2025-08-27,SF-25-17,New Single-Family Residence,New Single-Family Residence at 1103 S Crescent,Appearance Commission case file listed on public agenda and available by request from the City,Park Ridge Appearance Commission agenda,https://parkridge.granicus.com/AgendaViewer.php?event_id=132073&view_id=1,
,730 S Washington,2025,2025-08-27,SF-25-18,New Single-Family Residence,New Single-Family Residence at 730 S Washington,Appearance Commission case file listed on public agenda and available by request from the City,Park Ridge Appearance Commission agenda,https://parkridge.granicus.com/AgendaViewer.php?event_id=132073&view_id=1,
,222 Wisner,2025,2025-09-24,SA-25-15,Single-Family Alteration,Single-Family Alteration at 222 Wisner,Appearance Commission case file listed on public agenda and available by request from the City,Park Ridge Appearance Commission agenda,https://parkridge.granicus.com/AgendaViewer.php?event_id=132074&view_id=1,
,525 S Lincoln,2025,2025-09-24,SA-25-16,Single-Family Alteration,Single-Family Alteration at 525 S Lincoln,Appearance Commission case file listed on public agenda and available by request from the City,Park Ridge Appearance Commission agenda,https://parkridge.granicus.com/AgendaViewer.php?event_id=132074&view_id=1,
,701 East Ave,2025,2025-09-24,SF-25-06,New Single-Family Residence Revision,Revision to New Single-Family Residence at 701 East Ave,Appearance Commission case file listed on public agenda and available by request from the City,Park Ridge Appearance Commission agenda,https://parkridge.granicus.com/AgendaViewer.php?event_id=132074&view_id=1,
,135 Elmore,2025,2025-09-24,SF-24-16,New Single-Family Residence Revision,Revision to New Single-Family Residence at 135 Elmore,Appearance Commission case file listed on public agenda and available by request from the City,Park Ridge Appearance Commission agenda,https://parkridge.granicus.com/AgendaViewer.php?event_id=132074&view_id=1,
,215 Stanley Ave,2025,2025-09-24,SF-25-10,New Single-Family Residence Revision,Revision to New Single-Family Residence at 215 Stanley Ave,Appearance Commission case file listed on public agenda and available by request from the City,Park Ridge Appearance Commission agenda,https://parkridge.granicus.com/AgendaViewer.php?event_id=132074&view_id=1,
,426 Root St,2025,2025-09-24,SF-25-19,New Single-Family Residence,New Single-Family Residence at 426 Root St,Appearance Commission case file listed on public agenda and available by request from the City,Park Ridge Appearance Commission agenda,https://parkridge.granicus.com/AgendaViewer.php?event_id=132074&view_id=1,
,10 Higgins,2025,2025-09-24,CI-24-17,Commercial Project Revision,Revision to Commercial Project at 10 Higgins,Appearance Commission case file listed on public agenda and available by request from the City,Park Ridge Appearance Commission agenda,https://parkridge.granicus.com/AgendaViewer.php?event_id=132074&view_id=1,
,520 W Touhy,2025,2025-09-24,CI-25-12,Commercial Project Signage,Commercial Project Signage at 520 W Touhy,Appearance Commission case file listed on public agenda and available by request from the City,Park Ridge Appearance Commission agenda,https://parkridge.granicus.com/AgendaViewer.php?event_id=132074&view_id=1,
